{
  "model/models.js": 1725360431868,
  "controller/App.controller.js": 1725368737921,
  "i18n/i18n.properties": 1725360431868,
  "controller/leaveview1.controller.js": 1725360431876,
  "utils/locate-reuse-libs.js": 1725360431868,
  "manifest.json": 1725368977817,
  "Component.js": 1725360448361,
  "utils/locate-reuse-libs-dbg.js": 1725360431868,
  "utils/locate-reuse-libs.js.map": 1725368977935,
  "model/models-dbg.js": 1725360431868,
  "model/models.js.map": 1725368977921,
  "controller/leaveview1-dbg.controller.js": 1725360431876,
  "controller/leaveview1.controller.js.map": 1725368977920,
  "controller/App-dbg.controller.js": 1725368737921,
  "controller/App.controller.js.map": 1725368977920,
  "Component-dbg.js": 1725360448361,
  "Component.js.map": 1725368977930,
  "Component-preload.js": 1725368978003,
  "Component-preload.js.map": 1725368978003,
  "view/leaveview1.view.xml": 1725361757298,
  "view/App.view.xml": 1725368882642,
  "css/style.css": 1725360431876,
  "index.html": 1725360431864
}